date,tipo_de_cambio
2019-01-02,19.5878
2019-01-03,19.6073
2019-01-04,19.4902
2019-01-07,19.3208
2019-01-08,19.3479
2019-01-09,19.2456
2019-01-10,19.1714
2019-01-11,19.1236
2019-01-14,19.0064
2019-01-15,19.0457
2019-01-16,18.9908
2019-01-17,19.0630
2019-01-18,19.0844
2019-01-21,19.1902
2019-01-22,19.1297
2019-01-23,19.0771
2019-01-24,18.9859
2019-01-25,18.9280
2019-01-28,19.0381
2019-01-29,18.9972
2019-01-30,19.1623
2019-01-31,19.0388
2019-02-01,19.1098
2019-02-05,19.0824
2019-02-06,19.1058
2019-02-07,19.0800
2019-02-08,19.0893
2019-02-11,19.2524
2019-02-12,19.2592
2019-02-13,19.4084
2019-02-14,19.3569
2019-02-15,19.3625
2019-02-18,19.2578
2019-02-19,19.1778
2019-02-20,19.1835
2019-02-21,19.2652
2019-02-22,19.1394
2019-02-25,19.1185
2019-02-26,19.1630
2019-02-27,19.2201
2019-02-28,19.2607
2019-03-01,19.2978
2019-03-04,19.3039
2019-03-05,19.2597
2019-03-06,19.3708
2019-03-07,19.5225
2019-03-08,19.4902
2019-03-11,19.4243
2019-03-12,19.3049
2019-03-13,19.3320
2019-03-14,19.3233
2019-03-15,19.2176
2019-03-19,19.0004
2019-03-20,18.9098
2019-03-21,18.8694
2019-03-22,19.1369
2019-03-25,19.0151
2019-03-26,19.0989
2019-03-27,19.3201
2019-03-28,19.3793
2019-03-29,19.3779
2019-04-01,19.2169
2019-04-02,19.2279
2019-04-03,19.1805
2019-04-04,19.1728
2019-04-05,19.0805
2019-04-08,18.9701
2019-04-09,18.9229
2019-04-10,18.8360
2019-04-11,18.8432
2019-04-12,18.7719
2019-04-15,18.8489
2019-04-16,18.9516
2019-04-17,18.8480
2019-04-22,18.8359
2019-04-23,18.9578
2019-04-24,19.0046
2019-04-25,19.0942
2019-04-26,18.9414
2019-04-29,19.0120
2019-04-30,19.0099
2019-05-02,19.1014
2019-05-03,19.0012
2019-05-06,18.9781
2019-05-07,19.0499
2019-05-08,19.0837
2019-05-09,19.2623
2019-05-10,19.1374
2019-05-13,19.1928
2019-05-14,19.1427
2019-05-15,19.1236
2019-05-16,19.0710
2019-05-17,19.1454
2019-05-20,19.0908
2019-05-21,19.0309
2019-05-22,18.9755
2019-05-23,19.0122
2019-05-24,19.0658
2019-05-27,19.0521
2019-05-28,19.1652
2019-05-29,19.2395
2019-05-30,19.0683
2019-05-31,19.6426
2019-06-03,19.7609
2019-06-04,19.6007
2019-06-05,19.5418
2019-06-06,19.7084
2019-06-07,19.6528
2019-06-10,19.2040
2019-06-11,19.1222
2019-06-12,19.1383
2019-06-13,19.1645
2019-06-14,19.1487
2019-06-17,19.1924
2019-06-18,19.1011
2019-06-19,19.1753
2019-06-20,18.9804
2019-06-21,19.0661
2019-06-24,19.1833
2019-06-25,19.2271
2019-06-26,19.1442
2019-06-27,19.1685
2019-06-28,19.2087
2019-07-01,19.0760
2019-07-02,19.0694
2019-07-03,19.0502
2019-07-04,18.9947
2019-07-05,19.0446
2019-07-08,18.9116
2019-07-09,19.0043
2019-07-10,19.2425
2019-07-11,19.1227
2019-07-12,19.0307
2019-07-15,18.9803
2019-07-16,19.0781
2019-07-17,19.0233
2019-07-18,19.0108
2019-07-19,19.0123
2019-07-22,19.0659
2019-07-23,19.1315
2019-07-24,19.0894
2019-07-25,19.0623
2019-07-26,19.0699
2019-07-29,19.0900
2019-07-30,19.0747
2019-07-31,18.9929
2019-08-01,19.1627
2019-08-02,19.3116
2019-08-05,19.5731
2019-08-06,19.6291
2019-08-07,19.6953
2019-08-08,19.5118
2019-08-09,19.4283
2019-08-12,19.5803
2019-08-13,19.4630
2019-08-14,19.5763
2019-08-15,19.6365
2019-08-16,19.5669
2019-08-19,19.8153
2019-08-20,19.7522
2019-08-21,19.6798
2019-08-22,19.7467
2019-08-23,19.8402
2019-08-26,19.9086
2019-08-27,19.9934
2019-08-28,20.0314
2019-08-29,20.0988
2019-08-30,20.0696
2019-09-02,20.1253
2019-09-03,20.0039
2019-09-04,19.7806
2019-09-05,19.6834
2019-09-06,19.5623
2019-09-09,19.5398
2019-09-10,19.5354
2019-09-11,19.5478
2019-09-12,19.4265
2019-09-13,19.3665
2019-09-17,19.4262
2019-09-18,19.3528
2019-09-19,19.3981
2019-09-20,19.4478
2019-09-23,19.4459
2019-09-24,19.4587
2019-09-25,19.5775
2019-09-26,19.6363
2019-09-27,19.6808
2019-09-30,19.7345
2019-10-01,19.7792
2019-10-02,19.7985
2019-10-03,19.7368
2019-10-04,19.5255
2019-10-07,19.5522
2019-10-08,19.5840
2019-10-09,19.5689
2019-10-10,19.4764
2019-10-11,19.3217
2019-10-14,19.2652
2019-10-15,19.2520
2019-10-16,19.2135
2019-10-17,19.1602
2019-10-18,19.1492
2019-10-21,19.1422
2019-10-22,19.1050
2019-10-23,19.1258
2019-10-24,19.0878
2019-10-25,19.0820
2019-10-28,19.0543
2019-10-29,19.1167
2019-10-30,19.1643
2019-10-31,19.1948
2019-11-01,19.1058
2019-11-04,19.1525
2019-11-05,19.2125
2019-11-06,19.1953
2019-11-07,19.1327
2019-11-08,19.1068
2019-11-11,19.1090
2019-11-12,19.2178
2019-11-13,19.4543
2019-11-14,19.4228
2019-11-15,19.2063
2019-11-19,19.3687
2019-11-20,19.4800
2019-11-21,19.4138
2019-11-22,19.3987
2019-11-25,19.4468
2019-11-26,19.5185
2019-11-27,19.5607
2019-11-28,19.6113
2019-11-29,19.5352
2019-12-02,19.5717
2019-12-03,19.5678
2019-12-04,19.4707
2019-12-05,19.3688
2019-12-06,19.3247
2019-12-09,19.2302
2019-12-10,19.2362
2019-12-11,19.1785
2019-12-13,19.0455
2019-12-16,18.9702
2019-12-17,18.9165
2019-12-18,18.9542
2019-12-19,18.9640
2019-12-20,18.9133
2019-12-23,18.9385
2019-12-24,18.9643
2019-12-26,18.9445
2019-12-27,18.8452
2019-12-30,18.8727
2019-12-31,18.8642
2020-01-02,18.8817
2020-01-03,18.8673
2020-01-06,18.8270
2020-01-07,18.8852
2020-01-08,18.7980
2020-01-09,18.8453
2020-01-10,18.7732
2020-01-13,18.8215
2020-01-14,18.8120
2020-01-15,18.8077
2020-01-16,18.7930
2020-01-17,18.7388
2020-01-20,18.6725
2020-01-21,18.7007
2020-01-22,18.6883
2020-01-23,18.8018
2020-01-24,18.8313
2020-01-27,18.9407
2020-01-28,18.8022
2020-01-29,18.7067
2020-01-30,18.7853
2020-01-31,18.9082
2020-02-04,18.6797
2020-02-05,18.6245
2020-02-06,18.6645
2020-02-07,18.7763
2020-02-10,18.7653
2020-02-11,18.6740
2020-02-12,18.6308
2020-02-13,18.6458
2020-02-14,18.5712
2020-02-17,18.5715
2020-02-18,18.5952
2020-02-19,18.5910
2020-02-20,18.7992
2020-02-21,18.9138
2020-02-24,19.1197
2020-02-25,19.0878
2020-02-26,19.1585
2020-02-27,19.3973
2020-02-28,19.7760
2020-03-02,19.6985
2020-03-03,19.2837
2020-03-04,19.5335
2020-03-05,19.8095
2020-03-06,20.1623
2020-03-09,21.1117
2020-03-10,21.0267
2020-03-11,21.2130
2020-03-12,22.1518
2020-03-13,21.9288
2020-03-17,23.0573
2020-03-18,23.9008
2020-03-19,24.0868
2020-03-20,24.1113
2020-03-23,25.0782
2020-03-24,25.1185
2020-03-25,24.2948
2020-03-26,23.0970
2020-03-27,23.5122
2020-03-30,24.2853
2020-03-31,23.4847
2020-04-01,24.4918
2020-04-02,24.1087
2020-04-03,24.6938
2020-04-06,24.6895
2020-04-07,24.0388
2020-04-08,24.0925
2020-04-13,23.7427
2020-04-14,23.5645
2020-04-15,24.1155
2020-04-16,24.2098
2020-04-17,23.9012
2020-04-20,24.0077
2020-04-21,24.4248
2020-04-22,24.5883
2020-04-23,24.6230
2020-04-24,24.8583
2020-04-27,24.8492
2020-04-28,24.3882
2020-04-29,24.0002
2020-04-30,23.9283
2020-05-04,24.3812
2020-05-05,23.8343
2020-05-06,24.2942
2020-05-07,24.0563
2020-05-08,23.6805
2020-05-11,23.8693
2020-05-12,24.0487
2020-05-13,24.2113
2020-05-14,24.2708
2020-05-15,23.9580
2020-05-18,23.6032
2020-05-19,23.6023
2020-05-20,23.2962
2020-05-21,22.9600
2020-05-22,22.7928
2020-05-25,22.5630
2020-05-26,22.2932
2020-05-27,22.3633
2020-05-28,22.2040
2020-05-29,22.1778
2020-06-01,22.0168
2020-06-02,21.6827
2020-06-03,21.6043
2020-06-04,21.8388
2020-06-05,21.5837
2020-06-08,21.6552
2020-06-09,21.7252
2020-06-10,21.9230
2020-06-11,22.4252
2020-06-12,22.3347
2020-06-15,22.5435
2020-06-16,22.2168
2020-06-17,22.2783
2020-06-18,22.6088
2020-06-19,22.6300
2020-06-22,22.4413
2020-06-23,22.4130
2020-06-24,22.6662
2020-06-25,22.7963
2020-06-26,22.9715
2020-06-29,23.1325
2020-06-30,23.0893
2020-07-01,22.8078
2020-07-02,22.5225
2020-07-03,22.4147
2020-07-06,22.2808
2020-07-07,22.6213
2020-07-08,22.8225
2020-07-09,22.6945
2020-07-10,22.5342
2020-07-13,22.4633
2020-07-14,22.6173
2020-07-15,22.3647
2020-07-16,22.3032
2020-07-17,22.4897
2020-07-20,22.6278
2020-07-21,22.3597
2020-07-22,22.2510
2020-07-23,22.3627
2020-07-24,22.3842
2020-07-27,22.0275
2020-07-28,21.9615
2020-07-29,21.9907
2020-07-30,22.1727
2020-07-31,22.2012
2020-08-03,22.6140
2020-08-04,22.7845
2020-08-05,22.4068
2020-08-06,22.3652
2020-08-07,22.4892
2020-08-10,22.4850
2020-08-11,22.3490
2020-08-12,22.3457
2020-08-13,22.2628
2020-08-14,22.0313
2020-08-17,22.0570
2020-08-18,22.1535
2020-08-19,22.0527
2020-08-20,22.1760
2020-08-21,22.0362
2020-08-24,21.9840
2020-08-25,21.9723
2020-08-26,21.9202
2020-08-27,22.1168
2020-08-28,21.8602
2020-08-31,21.8880
2020-09-01,21.7445
2020-09-02,21.8393
2020-09-03,21.6383
2020-09-04,21.6115
2020-09-07,21.5887
2020-09-08,21.7138
2020-09-09,21.5377
2020-09-10,21.2773
2020-09-11,21.3210
2020-09-14,21.0728
2020-09-15,21.0692
2020-09-17,20.9850
2020-09-18,20.9697
2020-09-21,21.5050
2020-09-22,21.5682
2020-09-23,22.0897
2020-09-24,22.3678
2020-09-25,22.4402
2020-09-28,22.4573
2020-09-29,22.3598
2020-09-30,22.1438
2020-10-01,21.9562
2020-10-02,21.7025
2020-10-05,21.3960
2020-10-06,21.4507
2020-10-07,21.4930
2020-10-08,21.4318
2020-10-09,21.1822
2020-10-12,21.2183
2020-10-13,21.3677
2020-10-14,21.2998
2020-10-15,21.3832
2020-10-16,21.1765
2020-10-19,21.1342
2020-10-20,21.0902
2020-10-21,21.0640
2020-10-22,21.0300
2020-10-23,20.9205
2020-10-26,20.9818
2020-10-27,20.8798
2020-10-28,21.1648
2020-10-29,21.3770
2020-10-30,21.2508
2020-11-03,21.1555
2020-11-04,21.0345
2020-11-05,20.7612
2020-11-06,20.6200
2020-11-09,20.3600
2020-11-10,20.4018
2020-11-11,20.5772
2020-11-12,20.5303
2020-11-13,20.4833
2020-11-17,20.3212
2020-11-18,20.2388
2020-11-19,20.1858
2020-11-20,20.1172
2020-11-23,20.1012
2020-11-24,20.0577
2020-11-25,20.0465
2020-11-26,20.0467
2020-11-27,20.0777
2020-11-30,20.1398
2020-12-01,20.0508
2020-12-02,20.0497
2020-12-03,19.9083
2020-12-04,19.7838
2020-12-07,19.8213
2020-12-08,19.7537
2020-12-09,19.8368
2020-12-10,19.9572
2020-12-11,20.1075
2020-12-14,20.1778
2020-12-15,20.1113
2020-12-16,19.9513
2020-12-17,19.8173
2020-12-18,19.9487
2020-12-21,20.0905
2020-12-22,20.0562
2020-12-23,20.1175
2020-12-24,19.8517
2020-12-28,20.0477
2020-12-29,19.9487
2020-12-30,19.9352
2020-12-31,19.9087
2021-01-04,19.8457
2021-01-05,19.9437
2021-01-06,19.7250
2021-01-07,19.9100
2021-01-08,19.9705
2021-01-11,20.1130
2021-01-12,19.9373
2021-01-13,19.7935
2021-01-14,19.7793
2021-01-15,19.7875
2021-01-18,19.7570
2021-01-19,19.6788
2021-01-20,19.5793
2021-01-21,19.7393
2021-01-22,19.9833
2021-01-25,20.1598
2021-01-26,20.0152
2021-01-27,20.2168
2021-01-28,20.2697
2021-01-29,20.2248
2021-02-02,20.1722
2021-02-03,20.1953
2021-02-04,20.4435
2021-02-05,20.1388
2021-02-08,20.1227
2021-02-09,20.0913
2021-02-10,20.0588
2021-02-11,19.9535
2021-02-12,19.9622
2021-02-15,19.9518
2021-02-16,20.2023
2021-02-17,20.2257
2021-02-18,20.4165
2021-02-19,20.4222
2021-02-22,20.6783
2021-02-23,20.5833
2021-02-24,20.4752
2021-02-25,20.8523
2021-02-26,20.9390
2021-03-01,20.6123
2021-03-02,20.6903
2021-03-03,20.8957
2021-03-04,20.8498
2021-03-05,21.2635
2021-03-08,21.4177
2021-03-09,21.2575
2021-03-10,20.9853
2021-03-11,20.7133
2021-03-12,20.7637
2021-03-16,20.5753
2021-03-17,20.6828
2021-03-18,20.4415
2021-03-19,20.4823
2021-03-22,20.5788
2021-03-23,20.6408
2021-03-24,20.7882
2021-03-25,20.7662
2021-03-26,20.5677
2021-03-29,20.6047
2021-03-30,20.6025
2021-03-31,20.4400
2021-04-05,20.2483
2021-04-06,20.1612
2021-04-07,20.1765
2021-04-08,20.0890
2021-04-09,20.1630
2021-04-12,20.0950
2021-04-13,20.0735
2021-04-14,20.0583
2021-04-15,19.9270
2021-04-16,19.9158
2021-04-19,19.8145
2021-04-20,19.8877
2021-04-21,19.8740
2021-04-22,19.8865
2021-04-23,19.8695
2021-04-26,19.8362
2021-04-27,19.9785
2021-04-28,19.9712
2021-04-29,20.0978
2021-04-30,20.1822
2021-05-03,20.1902
2021-05-04,20.2235
2021-05-05,20.2077
2021-05-06,20.1838
2021-05-07,19.9223
2021-05-10,19.8860
2021-05-11,19.8848
2021-05-12,20.0940
2021-05-13,20.0495
2021-05-14,19.8487
2021-05-17,19.8028
2021-05-18,19.8313
2021-05-19,19.8143
2021-05-20,19.8810
2021-05-21,19.9510
2021-05-24,19.8720
2021-05-25,19.8903
2021-05-26,19.8783
2021-05-27,19.9487
2021-05-28,19.9442
2021-05-31,19.9213
2021-06-01,19.8927
2021-06-02,19.9277
2021-06-03,20.0605
2021-06-04,19.9328
2021-06-07,19.7970
2021-06-08,19.7728
2021-06-09,19.6897
2021-06-10,19.7002
2021-06-11,19.8823
2021-06-14,19.9065
2021-06-15,20.1235
2021-06-16,20.0588
2021-06-17,20.4292
2021-06-18,20.7002
2021-06-21,20.6000
2021-06-22,20.5712
2021-06-23,20.2505
2021-06-24,20.0483
2021-06-25,19.7930
2021-06-28,19.8027
2021-06-29,19.8157
2021-06-30,19.9062
2021-07-01,20.0368
2021-07-02,19.8817
2021-07-05,19.8532
2021-07-06,19.9658
2021-07-07,19.9915
2021-07-08,20.0070
2021-07-09,19.8800
2021-07-12,19.8577
2021-07-13,19.9988
2021-07-14,19.8992
2021-07-15,19.9412
2021-07-16,19.8537
2021-07-19,20.0000
2021-07-20,20.1348
2021-07-21,20.1907
2021-07-22,20.1812
2021-07-23,20.0238
2021-07-26,20.0245
2021-07-27,19.9770
2021-07-28,19.9535
2021-07-29,19.8448
2021-07-30,19.8455
2021-08-02,19.8520
2021-08-03,19.8920
2021-08-04,19.9547
2021-08-05,19.9293
2021-08-06,20.0037
2021-08-09,20.0648
2021-08-10,20.1038
2021-08-11,19.9530
2021-08-12,19.8907
2021-08-13,19.8603
2021-08-16,19.8863
2021-08-17,19.9912
2021-08-18,20.0107
2021-08-19,20.1175
2021-08-20,20.4020
2021-08-23,20.3907
2021-08-24,20.2967
2021-08-25,20.2933
2021-08-26,20.3522
2021-08-27,20.2293
2021-08-30,20.1403
2021-08-31,20.0605
2021-09-01,19.9615
2021-09-02,19.9703
2021-09-03,19.8992
2021-09-06,19.8878
2021-09-07,19.9440
2021-09-08,19.9383
2021-09-09,19.9318
2021-09-10,19.8717
2021-09-13,19.8677
2021-09-14,19.9035
2021-09-15,19.9003
2021-09-17,19.9853
2021-09-20,20.1735
2021-09-21,20.1438
2021-09-22,20.0328
2021-09-23,20.0280
2021-09-24,20.1118
2021-09-27,20.1052
2021-09-28,20.3060
2021-09-29,20.4977
2021-09-30,20.5623
2021-10-01,20.5103
2021-10-04,20.5747
2021-10-05,20.5818
2021-10-06,20.6947
2021-10-07,20.6040
2021-10-08,20.7293
2021-10-11,20.8017
2021-10-12,20.7767
2021-10-13,20.6827
2021-10-14,20.6075
2021-10-15,20.4672
2021-10-18,20.3587
2021-10-19,20.2647
2021-10-20,20.1850
2021-10-21,20.2643
2021-10-22,20.1837
2021-10-25,20.1897
2021-10-26,20.1888
2021-10-27,20.1930
2021-10-28,20.3255
2021-10-29,20.5297
2021-11-01,20.8598
2021-11-03,20.8352
2021-11-04,20.6242
2021-11-05,20.3925
2021-11-08,20.3265
2021-11-09,20.2833
2021-11-10,20.4702
2021-11-11,20.4652
2021-11-12,20.5072
2021-11-16,20.8092
2021-11-17,20.6912
2021-11-18,20.7628
2021-11-19,20.8283
2021-11-22,20.9632
2021-11-23,21.2107
2021-11-24,21.4357
2021-11-25,21.5462
2021-11-26,21.8185
2021-11-29,21.7333
2021-11-30,21.4453
2021-12-01,21.2710
2021-12-02,21.3033
2021-12-03,21.4177
2021-12-06,21.2047
2021-12-07,21.0907
2021-12-08,20.9330
2021-12-09,21.0328
2021-12-10,20.8922
2021-12-13,20.9383
2021-12-14,21.1650
2021-12-15,21.2393
2021-12-16,20.9238
2021-12-17,20.7337
2021-12-20,20.7363
2021-12-21,20.7823
2021-12-22,20.7527
2021-12-23,20.6582
2021-12-24,20.6112
2021-12-27,20.6828
2021-12-28,20.5770
2021-12-29,20.5835
2021-12-30,20.5157
2021-12-31,20.4672
2022-01-03,20.5890
2022-01-04,20.4742
2022-01-05,20.3977
2022-01-06,20.4588
2022-01-07,20.4237
2022-01-10,20.4453
2022-01-11,20.3785
2022-01-12,20.3660
2022-01-13,20.3607
2022-01-14,20.3118
2022-01-17,20.3002
2022-01-18,20.4030
2022-01-19,20.4600
2022-01-20,20.4507
2022-01-21,20.4598
2022-01-24,20.6308
2022-01-25,20.6683
2022-01-26,20.6415
2022-01-27,20.7383
2022-01-28,20.8597
2022-01-31,20.6352
2022-02-01,20.5800
2022-02-02,20.6003
2022-02-03,20.5562
2022-02-04,20.7325
2022-02-08,20.6413
2022-02-09,20.5008
2022-02-10,20.4148
2022-02-11,20.4188
2022-02-14,20.4110
2022-02-15,20.3992
2022-02-16,20.3335
2022-02-17,20.2978
2022-02-18,20.3063
2022-02-21,20.2825
2022-02-22,20.2977
2022-02-23,20.2435
2022-02-24,20.6525
2022-02-25,20.4465
2022-02-28,20.4257
2022-03-01,20.5272
2022-03-02,20.7193
2022-03-03,20.7033
2022-03-04,20.9262
2022-03-07,21.1947
2022-03-08,21.3775
2022-03-09,20.9677
2022-03-10,20.9743
2022-03-11,20.9695
2022-03-14,20.8908
2022-03-15,20.8743
2022-03-16,20.7035
2022-03-17,20.5585
2022-03-18,20.4145
2022-03-22,20.2782
2022-03-23,20.1800
2022-03-24,20.1313
2022-03-25,19.9577
2022-03-28,20.1195
2022-03-29,19.9942
2022-03-30,19.8632
2022-03-31,19.9112
2022-04-01,19.8432
2022-04-04,19.7443
2022-04-05,19.9012
2022-04-06,20.0665
2022-04-07,20.1605
2022-04-08,20.1200
2022-04-11,20.0093
2022-04-12,19.8407
2022-04-13,19.7967
2022-04-18,19.9377
2022-04-19,20.0447
2022-04-20,20.0383
2022-04-21,20.1802
2022-04-22,20.3183
2022-04-25,20.2992
2022-04-26,20.3560
2022-04-27,20.4707
2022-04-28,20.5670
2022-04-29,20.3728
2022-05-02,20.4075
2022-05-03,20.3350
2022-05-04,20.2535
2022-05-05,20.2218
2022-05-06,20.1085
2022-05-09,20.3172
2022-05-10,20.3720
2022-05-11,20.2592
2022-05-12,20.3200
2022-05-13,20.1443
2022-05-16,20.0782
2022-05-17,19.9637
2022-05-18,19.9663
2022-05-19,19.9267
2022-05-20,19.8657
2022-05-23,19.8282
2022-05-24,19.8870
2022-05-25,19.8377
2022-05-26,19.7933
2022-05-27,19.5965
2022-05-30,19.4953
2022-05-31,19.6940
2022-06-01,19.7388
2022-06-02,19.5585
2022-06-03,19.5742
2022-06-06,19.5547
2022-06-07,19.5998
2022-06-08,19.5900
2022-06-09,19.6128
2022-06-10,19.9297
2022-06-13,20.4527
2022-06-14,20.6583
2022-06-15,20.6675
2022-06-16,20.5728
2022-06-17,20.4760
2022-06-20,20.2442
2022-06-21,20.1963
2022-06-22,20.0465
2022-06-23,20.0365
2022-06-24,19.8707
2022-06-27,19.8797
2022-06-28,19.9847
2022-06-29,20.1443
2022-06-30,20.1335
2022-07-01,20.3817
2022-07-04,20.2877
2022-07-05,20.5598
2022-07-06,20.7228
2022-07-07,20.6022
2022-07-08,20.4423
2022-07-11,20.7473
2022-07-12,20.7882
2022-07-13,20.7613
2022-07-14,20.9415
2022-07-15,20.6110
2022-07-18,20.3957
2022-07-19,20.4407
2022-07-20,20.4913
2022-07-21,20.6562
2022-07-22,20.5150
2022-07-25,20.4652
2022-07-26,20.4330
2022-07-27,20.5120
2022-07-28,20.3778
2022-07-29,20.3485
2022-08-01,20.2633
2022-08-02,20.5152
2022-08-03,20.6305
2022-08-04,20.3358
2022-08-05,20.4010
2022-08-08,20.2789
2022-08-09,20.2715
2022-08-10,19.9562
2022-08-11,19.9595
2022-08-12,19.8740
2022-08-15,19.8618
2022-08-16,19.9303
2022-08-17,20.0387
2022-08-18,20.0835
2022-08-19,20.1957
2022-08-22,20.1598
2022-08-23,19.9982
2022-08-24,19.9198
2022-08-25,19.9437
2022-08-26,19.9268
2022-08-29,19.9945
2022-08-30,20.1465
2022-08-31,20.0962
2022-09-01,20.2473
2022-09-02,19.9753
2022-09-05,19.9620
2022-09-06,20.1380
2022-09-07,20.0297
2022-09-08,20.0203
2022-09-09,19.9027
2022-09-12,19.7957
2022-09-13,20.0550
2022-09-14,19.9768
2022-09-15,20.0525
2022-09-19,19.9943
2022-09-20,20.0000
2022-09-21,20.0027
2022-09-22,19.9608
2022-09-23,20.1627
2022-09-26,20.3517
2022-09-27,20.3570
2022-09-28,20.3058
2022-09-29,20.1927
2022-09-30,20.0925
2022-10-03,20.0008
2022-10-04,19.9698
2022-10-05,20.1267
2022-10-06,20.1087
2022-10-07,20.0502
2022-10-10,19.9752
2022-10-11,19.9652
2022-10-12,20.0352
2022-10-13,20.0398
2022-10-14,20.0838
2022-10-17,19.9913
2022-10-18,20.0207
2022-10-19,20.1272
2022-10-20,20.0448
2022-10-21,19.9647
2022-10-24,19.9535
2022-10-25,19.8712
2022-10-26,19.8553
2022-10-27,19.8365
2022-10-28,19.8303
2022-10-31,19.8245
2022-11-01,19.7463
2022-11-03,19.6673
2022-11-04,19.5202
2022-11-07,19.4647
2022-11-08,19.4775
2022-11-09,19.5887
2022-11-10,19.3940
2022-11-11,19.5353
2022-11-14,19.4015
2022-11-15,19.3818
2022-11-16,19.3137
2022-11-17,19.4333
2022-11-18,19.4930
2022-11-22,19.4667
2022-11-23,19.3683
2022-11-24,19.3692
2022-11-25,19.3393
2022-11-28,19.3250
2022-11-29,19.2160
2022-11-30,19.3965
2022-12-01,19.1433
2022-12-02,19.3422
2022-12-05,19.7567
2022-12-06,19.8030
2022-12-07,19.6977
2022-12-08,19.6732
2022-12-09,19.8192
2022-12-13,19.6458
2022-12-14,19.6955
2022-12-15,19.7963
2022-12-16,19.7932
2022-12-19,19.7557
2022-12-20,19.7482
2022-12-21,19.6932
2022-12-22,19.5740
2022-12-23,19.4287
2022-12-26,19.3983
2022-12-27,19.4407
2022-12-28,19.4143
2022-12-29,19.3615
2022-12-30,19.4715
2023-01-02,19.4883
2023-01-03,19.4220
2023-01-04,19.3568
2023-01-05,19.3672
2023-01-06,19.1753
2023-01-09,19.1648
2023-01-10,19.1108
2023-01-11,19.0260
2023-01-12,18.8735
2023-01-13,18.7922
2023-01-16,18.7913
2023-01-17,18.7493
2023-01-18,18.7493
2023-01-19,19.0327
2023-01-20,18.9257
2023-01-23,18.8267
2023-01-24,18.8318
2023-01-25,18.8200
2023-01-26,18.8355
2023-01-27,18.7872
2023-01-30,18.7793
2023-01-31,18.7937
2023-02-01,18.7390
2023-02-02,18.6232
2023-02-03,18.8895
2023-02-07,19.0517
2023-02-08,18.9435
2023-02-09,18.9543
2023-02-10,18.6893
2023-02-13,18.6327
2023-02-14,18.5383
2023-02-15,18.6428
2023-02-16,18.5497
2023-02-17,18.4142
2023-02-20,18.3970
2023-02-21,18.3938
2023-02-22,18.3483
2023-02-23,18.4107
2023-02-24,18.4023
2023-02-27,18.4077
2023-02-28,18.3448
2023-03-01,18.1700
2023-03-02,18.1260
2023-03-03,18.0123
2023-03-06,18.0122
2023-03-07,18.1155
2023-03-08,17.9662
2023-03-09,18.0577
2023-03-10,18.4083
2023-03-13,18.8302
2023-03-14,18.6427
2023-03-15,18.9972
2023-03-16,18.9095
2023-03-17,18.8977
2023-03-21,18.6755
2023-03-22,18.5437
2023-03-23,18.4902
2023-03-24,18.5178
2023-03-27,18.3830
2023-03-28,18.2523
2023-03-29,18.1052
2023-03-30,18.0932
2023-03-31,18.0415
2023-04-03,18.1070
2023-04-04,18.1185
2023-04-05,18.3323
2023-04-10,18.1765
2023-04-11,18.1870
2023-04-12,18.0660
2023-04-13,18.0152
2023-04-14,18.0638
2023-04-17,18.0868
2023-04-18,18.0630
2023-04-19,18.0448
2023-04-20,18.0090
2023-04-21,17.9988
2023-04-24,18.0082
2023-04-25,18.0892
2023-04-26,18.1030
2023-04-27,18.0723
2023-04-28,17.9975
2023-05-02,18.0325
2023-05-03,17.9060
2023-05-04,17.9575
2023-05-05,17.7863
2023-05-08,17.8213
2023-05-09,17.7608
2023-05-10,17.5845
2023-05-11,17.6287
2023-05-12,17.6142
2023-05-15,17.5380
2023-05-16,17.4672
2023-05-17,17.5872
2023-05-18,17.7342
2023-05-19,17.6930
2023-05-22,17.8680
2023-05-23,17.9687
2023-05-24,17.8195
2023-05-25,17.8252
2023-05-26,17.6723
2023-05-29,17.5605
2023-05-30,17.6532
2023-05-31,17.7418
2023-06-01,17.5673
2023-06-02,17.5063
2023-06-05,17.4732
2023-06-06,17.4192
2023-06-07,17.3608
2023-06-08,17.4085
2023-06-09,17.2840
2023-06-12,17.3120
2023-06-13,17.2185
2023-06-14,17.1247
2023-06-15,17.1762
2023-06-16,17.0792
2023-06-19,17.0945
2023-06-20,17.2043
2023-06-21,17.1547
2023-06-22,17.1713
2023-06-23,17.1795
2023-06-26,17.1445
2023-06-27,17.1013
2023-06-28,17.0720
2023-06-29,17.1187
2023-06-30,17.1358
2023-07-03,17.0517
2023-07-04,17.0260
2023-07-05,17.0040
2023-07-06,17.2825
2023-07-07,17.1012
2023-07-10,17.0605
2023-07-11,17.0783
2023-07-12,16.8537
2023-07-13,16.8905
2023-07-14,16.7892
2023-07-17,16.7858
2023-07-18,16.7480
2023-07-19,16.7667
2023-07-20,16.8460
2023-07-21,16.9393
2023-07-24,16.8367
2023-07-25,16.9075
2023-07-26,16.8825
2023-07-27,16.7338
2023-07-28,16.6895
2023-07-31,16.7303
2023-08-01,16.8533
2023-08-02,17.0193
2023-08-03,17.2892
2023-08-04,17.0555
2023-08-07,17.0608
2023-08-08,17.1122
2023-08-09,17.0767
2023-08-10,16.9548
2023-08-11,17.0045
2023-08-14,17.0672
2023-08-15,17.1388
2023-08-16,17.0768
2023-08-17,17.1225
2023-08-18,17.0477
2023-08-21,17.0202
2023-08-22,16.9267
2023-08-23,16.8077
2023-08-24,16.8090
2023-08-25,16.7718
2023-08-28,16.7432
2023-08-29,16.8402
2023-08-30,16.7477
2023-08-31,16.9170
2023-09-01,17.1113
2023-09-04,17.1750
2023-09-05,17.3492
2023-09-06,17.5805
2023-09-07,17.5543
2023-09-08,17.5767
2023-09-11,17.3813
2023-09-12,17.2553
2023-09-13,17.1235
2023-09-14,17.1042
2023-09-15,17.0807
2023-09-18,17.1307
2023-09-19,17.0805
2023-09-20,17.0240
2023-09-21,17.1675
2023-09-22,17.1568
2023-09-25,17.3733
2023-09-26,17.4758
2023-09-27,17.7287
2023-09-28,17.6195
2023-09-29,17.4127
2023-10-02,17.5920
2023-10-03,17.9025
2023-10-04,18.0170
2023-10-05,18.2407
2023-10-06,18.1837
2023-10-09,18.3482
2023-10-10,17.9917
2023-10-11,17.8420
2023-10-12,17.9132
2023-10-13,18.0362
2023-10-16,17.9568
2023-10-17,17.9097
2023-10-18,18.2440
2023-10-19,18.2873
2023-10-20,18.2343
2023-10-23,18.1218
2023-10-24,18.2842
2023-10-25,18.3122
2023-10-26,18.2178
2023-10-27,18.0752
2023-10-30,18.0640
2023-10-31,18.0368
2023-11-01,17.9305
2023-11-03,17.4117
2023-11-06,17.5308
2023-11-07,17.5097
2023-11-08,17.5017
2023-11-09,17.4888
2023-11-10,17.7480
2023-11-13,17.6138
2023-11-14,17.3917
2023-11-15,17.3387
2023-11-16,17.2708
2023-11-17,17.2175
2023-11-21,17.2102
2023-11-22,17.2133
2023-11-23,17.1787
2023-11-24,17.1268
2023-11-27,17.1555
2023-11-28,17.1357
2023-11-29,17.1870
2023-11-30,17.3730
2023-12-01,17.2143
2023-12-04,17.4060
2023-12-05,17.4215
2023-12-06,17.2685
2023-12-07,17.4197
2023-12-08,17.3688
2023-12-11,17.4470
2023-12-13,17.3980
2023-12-14,17.2990
2023-12-15,17.1908
2023-12-18,17.2277
2023-12-19,17.0652
2023-12-20,17.0673
2023-12-21,17.0590
2023-12-22,16.9738
2023-12-26,16.9727
2023-12-27,16.9220
2023-12-28,16.8935
2023-12-29,16.9190
2024-01-02,17.0297
2024-01-03,17.0492
2024-01-04,17.0458
2024-01-05,16.8987
2024-01-08,16.8133
2024-01-09,16.9347
2024-01-10,16.9912
2024-01-11,16.9898
2024-01-12,16.8580
2024-01-15,16.8983
2024-01-16,17.1598
2024-01-17,17.2957
2024-01-18,17.1995
2024-01-19,17.1325
2024-01-22,17.1125
2024-01-23,17.3520
2024-01-24,17.1673
2024-01-25,17.2375
2024-01-26,17.1657
2024-01-29,17.2333
2024-01-30,17.1932
2024-01-31,17.1633
2024-02-01,17.1335
2024-02-02,17.1447
2024-02-06,17.0357
2024-02-07,17.0398
2024-02-08,17.1023
2024-02-09,17.0855
2024-02-12,17.0680
2024-02-13,17.1982
2024-02-14,17.1105
2024-02-15,17.0680
2024-02-16,17.0602
2024-02-19,17.0500
2024-02-20,17.0458
2024-02-21,17.0603
2024-02-22,17.1210
2024-02-23,17.1260
2024-02-26,17.1260
2024-02-27,17.0605
2024-02-28,17.0962
2024-02-29,17.0633
2024-03-01,17.0217
2024-03-04,16.9828
2024-03-05,16.9257
2024-03-06,16.8728
2024-03-07,16.8770
2024-03-08,16.7985
2024-03-11,16.8083
2024-03-12,16.8272
2024-03-13,16.7127
2024-03-14,16.6920
2024-03-15,16.7100
2024-03-19,16.8523
2024-03-20,16.7590
2024-03-21,16.7620
2024-03-22,16.7367
2024-03-25,16.7032
2024-03-26,16.6780
2024-03-27,16.5323
2024-04-01,16.6578
2024-04-02,16.5673
2024-04-03,16.5415
2024-04-04,16.5173
2024-04-05,16.4758
2024-04-08,16.3357
2024-04-09,16.3932
2024-04-10,16.4883
2024-04-11,16.4583
2024-04-12,16.6693
2024-04-15,16.6815
2024-04-16,17.0252
2024-04-17,16.9948
2024-04-18,17.1145
2024-04-19,17.2120
2024-04-22,17.1243
2024-04-23,16.9995
2024-04-24,17.1098
2024-04-25,17.1883
2024-04-26,17.1552
2024-04-29,17.0243
2024-04-30,17.0958
2024-05-02,16.9393
2024-05-03,17.0042
2024-05-06,16.8947
2024-05-07,16.9083
2024-05-08,16.9087
2024-05-09,16.8660
2024-05-10,16.7690
2024-05-13,16.8072
2024-05-14,16.8460
2024-05-15,16.6782
2024-05-16,16.6893
2024-05-17,16.6217
2024-05-20,16.5668
2024-05-21,16.6138
2024-05-22,16.6405
2024-05-23,16.6945
2024-05-24,16.7023
2024-05-27,16.6568
2024-05-28,16.7457
2024-05-29,16.9500
2024-05-30,16.9377
2024-05-31,17.0177
2024-06-03,17.6338
2024-06-04,17.8607
2024-06-05,17.5592
2024-06-06,17.5335
2024-06-07,18.2622
2024-06-10,18.3848
2024-06-11,18.4457
2024-06-12,18.7832
2024-06-13,18.5385
2024-06-14,18.4512
2024-06-17,18.5248
2024-06-18,18.4128
2024-06-19,18.4230
2024-06-20,18.4027
2024-06-21,18.1848
2024-06-24,17.9627
2024-06-25,18.1372
2024-06-26,18.2215
2024-06-27,18.3773
2024-06-28,18.2478
2024-07-01,18.3897
2024-07-02,18.2485
2024-07-03,18.1355
2024-07-04,18.0958
2024-07-05,18.0977
2024-07-08,18.0095
2024-07-09,17.9428
2024-07-10,17.8288
2024-07-11,17.8192
2024-07-12,17.6502
2024-07-15,17.7837
2024-07-16,17.6795
2024-07-17,17.7438
2024-07-18,17.8907
2024-07-19,17.9970
2024-07-22,17.9107
2024-07-23,18.0987
2024-07-24,18.3458
2024-07-25,18.3850
2024-07-26,18.4475
2024-07-29,18.6818
2024-07-30,18.7900
2024-07-31,18.5970
2024-08-01,18.7060
2024-08-02,19.0442
2024-08-05,19.3905
2024-08-06,19.3300
2024-08-07,19.1890
2024-08-08,19.0900
2024-08-09,18.8368
2024-08-12,19.0320
2024-08-13,19.0387
2024-08-14,18.8478
2024-08-15,18.6513
2024-08-16,18.6228
2024-08-19,18.7357
2024-08-20,18.9448
2024-08-21,19.2535
2024-08-22,19.4235
2024-08-23,19.0708
2024-08-26,19.3820
2024-08-27,19.6692
2024-08-28,19.6037
2024-08-29,19.8168
2024-08-30,19.6535
2024-09-02,19.7980
2024-09-03,19.8335
2024-09-04,19.8460
2024-09-05,20.0028
2024-09-06,20.0172
2024-09-09,19.8798
2024-09-10,20.0583
2024-09-11,19.8390
2024-09-12,19.5887
2024-09-13,19.2483
2024-09-17,19.2670
2024-09-18,19.3033
2024-09-19,19.2773
2024-09-20,19.3725
2024-09-23,19.4150
2024-09-24,19.3562
2024-09-25,19.5870
2024-09-26,19.6290
2024-09-27,19.6697
2024-09-30,19.6440
2024-10-02,19.3885
2024-10-03,19.4678
2024-10-04,19.2127
2024-10-07,19.3388
2024-10-08,19.3532
2024-10-09,19.4175
2024-10-10,19.5113
2024-10-11,19.3983
2024-10-14,19.3420
2024-10-15,19.6200
2024-10-16,19.8925
2024-10-17,19.9313
2024-10-18,19.8325
2024-10-21,20.0075
2024-10-22,19.8985
2024-10-23,19.9338
2024-10-24,19.8385
2024-10-25,19.9303
2024-10-28,20.0007
2024-10-29,20.0208
2024-10-30,20.1617
2024-10-31,20.0378
2024-11-01,20.0908
2024-11-04,20.0367
2024-11-05,20.2695
2024-11-06,20.3093
2024-11-07,19.8277
2024-11-08,20.1332
2024-11-11,20.4502
2024-11-12,20.5693
2024-11-13,20.6025
2024-11-14,20.4940
2024-11-15,20.3887
2024-11-19,20.1848
2024-11-20,20.2903
2024-11-21,20.3775
2024-11-22,20.4872
2024-11-25,20.2993
2024-11-26,20.7185
2024-11-27,20.6418
2024-11-28,20.4173
2024-11-29,20.3212
2024-12-02,20.4357
2024-12-03,20.3233
2024-12-04,20.2830
2024-12-05,20.1963
2024-12-06,20.2275
2024-12-09,20.1547
2024-12-10,20.2485
2024-12-11,20.1647
2024-12-13,20.1420
2024-12-16,20.1448
2024-12-17,20.2363
2024-12-18,20.1395
2024-12-19,20.4402
2024-12-20,20.1035
2024-12-23,20.1948
2024-12-24,20.1558
2024-12-26,20.1657
2024-12-27,20.2683
2024-12-30,20.5103
2024-12-31,20.7862
